timestamp,value
2011-07-01 00:15:01,0.0917952281677
2011-07-01 01:15:01,0.07441376287530001
2011-07-01 02:15:01,0.056984344125199995
2011-07-01 03:15:01,0.07122528205749999
2011-07-01 04:15:01,0.045465890183
2011-07-01 05:15:01,0.050626907073499997
2011-07-01 06:15:01,0.061598587998
2011-07-01 07:15:01,0.0649577715217
2011-07-01 08:15:01,0.0668175037295
2011-07-01 09:15:01,0.06582433862430001
2011-07-01 10:15:01,0.0649368367863
2011-07-01 11:15:01,0.0795250560957
2011-07-01 12:15:01,0.09601733809280001
2011-07-01 13:15:01,0.08470031545739999
2011-07-01 14:15:01,0.0732953249715
2011-07-01 15:15:01,0.0614428281461
2011-07-01 16:15:01,0.0612365675128
2011-07-01 17:15:01,0.0843507972665
2011-07-01 18:15:01,0.0679858974359
2011-07-01 19:15:01,0.0595021130481
2011-07-01 20:15:01,0.0654113396331
2011-07-01 21:15:01,0.06592611661730001
2011-07-01 22:15:01,0.0706836648921
2011-07-01 23:15:01,0.0496564885496
2011-07-02 00:15:01,0.07187201842410001
2011-07-02 01:15:01,0.0812614259598
2011-07-02 02:15:01,0.0667477696675
2011-07-02 03:15:01,0.0652968163492
2011-07-02 04:15:01,0.06415721548690001
2011-07-02 05:15:01,0.06497262556530001
2011-07-02 06:15:01,0.0634786980018
2011-07-02 07:15:01,0.067405255513
2011-07-02 08:15:01,0.0654501957373
2011-07-02 09:15:01,0.0615190082645
2011-07-02 10:15:01,0.0618404558405
2011-07-02 11:15:01,0.0719634703196
2011-07-02 12:15:01,0.0909919571046
2011-07-02 13:15:01,0.09544041450780001
2011-07-02 14:15:01,0.0740964203233
2011-07-02 15:15:01,0.071954523464
2011-07-02 16:15:01,0.056978109984
2011-07-02 17:15:01,0.0655478119935
2011-07-02 18:15:01,0.0678270884521
2011-07-02 19:15:01,0.0655969531379
2011-07-02 20:15:01,0.071215303826
2011-07-02 21:15:01,0.0724433962264
2011-07-02 22:15:01,0.0713760304375
2011-07-02 23:15:01,0.045797762572
2011-07-03 00:15:01,0.0802158848614
2011-07-03 01:15:01,0.0916660881638
2011-07-03 02:15:01,0.06993989314339999
2011-07-03 03:15:01,0.07761311349689999
2011-07-03 04:15:01,0.0798389694042
2011-07-03 05:15:01,0.08089552238810001
2011-07-03 06:15:01,0.08385944014289999
2011-07-03 07:15:01,0.0892477966796
2011-07-03 08:15:01,0.08539021034010001
2011-07-03 09:15:01,0.07942851332110001
2011-07-03 10:15:01,0.07426276771000001
2011-07-03 11:15:01,0.0890734730009
2011-07-03 12:15:01,0.127258373206
2011-07-03 13:15:01,0.116625799574
2011-07-03 14:15:01,0.095593279664
2011-07-03 15:15:01,0.06907595178880001
2011-07-03 16:15:01,0.055143824027100004
2011-07-03 17:15:01,0.07211911955110001
2011-07-03 18:15:01,0.073908276714
2011-07-03 19:15:01,0.0800259403372
2011-07-03 20:15:01,0.07636257504999999
2011-07-03 21:15:01,0.07362801377730001
2011-07-03 22:15:01,0.0701742301459
2011-07-03 23:15:01,0.0515876583572
2011-07-04 00:15:01,0.08012036497769999
2011-07-04 01:15:01,0.08876536611439999
2011-07-04 02:15:01,0.08729504005449999
2011-07-04 03:15:01,0.092387312187
2011-07-04 04:15:01,0.0756746510426
2011-07-04 05:15:01,0.0675771765522
2011-07-04 06:15:01,0.07356270295350001
2011-07-04 07:15:01,0.076390779703
2011-07-04 08:15:01,0.0756823569252
2011-07-04 09:15:01,0.07516112873599999
2011-07-04 10:15:01,0.0710463029433
2011-07-04 11:15:01,0.0886698043101
2011-07-04 12:15:01,0.108092805449
2011-07-04 13:15:01,0.110381165919
2011-07-04 14:15:01,0.07925964546400001
2011-07-04 15:15:01,0.06180686695280001
2011-07-04 16:15:01,0.068774496995
2011-07-04 17:15:01,0.0704708097928
2011-07-04 18:15:01,0.0743938890734
2011-07-04 19:15:01,0.0769565217391
2011-07-04 20:15:01,0.06801403508769999
2011-07-04 21:15:01,0.0627029012119
2011-07-04 22:15:01,0.0647668479156
2011-07-04 23:15:01,0.045392891045199994
2011-07-05 00:15:01,0.065628403398
2011-07-05 01:15:01,0.0719560290118
2011-07-05 02:15:01,0.0597875304772
2011-07-05 03:15:01,0.061841962836
2011-07-05 04:15:01,0.0618097367968
2011-07-05 05:15:01,0.059676086597300004
2011-07-05 06:15:01,0.190324551874
2011-07-05 07:15:01,0.0633426020782
2011-07-05 08:15:01,0.0652828561573
2011-07-05 09:15:01,0.07055219225829999
2011-07-05 10:15:01,0.0698668146504
2011-07-05 11:15:01,0.08896371363189999
2011-07-05 12:15:01,0.10117112810699999
2011-07-05 13:15:01,0.0980077120823
2011-07-05 14:15:01,0.0762084257206
2011-07-05 15:15:01,0.0591706881144
2011-07-05 16:15:01,0.0604942319369
2011-07-05 17:15:01,0.0691012366983
2011-07-05 18:15:01,0.0599798359995
2011-07-05 19:15:01,0.0569892587472
2011-07-05 20:15:01,0.05850595672259999
2011-07-05 21:15:01,0.055420297627
2011-07-05 22:15:01,0.0562787942609
2011-07-05 23:15:01,0.0456248992098
2011-07-06 00:15:01,0.057413244430999995
2011-07-06 01:15:01,0.0677631109526
2011-07-06 02:15:01,0.056531627576400005
2011-07-06 03:15:01,0.0576893562598
2011-07-06 04:15:01,0.0590633280339
2011-07-06 05:15:01,0.0561349862259
2011-07-06 06:15:01,0.06276782104840001
2011-07-06 07:15:01,0.0673011657075
2011-07-06 08:15:01,0.0684126135756
2011-07-06 09:15:01,0.072714670774
2011-07-06 10:15:01,0.072628889921
2011-07-06 11:15:01,0.08679986789960001
2011-07-06 12:15:01,0.101749089016
2011-07-06 13:15:01,0.0934053833605
2011-07-06 14:15:01,0.07249085206480001
2011-07-06 15:15:01,0.05693333333330001
2011-07-06 16:15:01,0.07498133554539999
2011-07-06 17:15:01,0.0747204301075
2011-07-06 18:15:01,0.076027664134
2011-07-06 19:15:01,0.0749815621857
2011-07-06 20:15:01,0.0735380835381
2011-07-06 21:15:01,0.0707794606576
2011-07-06 22:15:01,0.0799764111205
2011-07-06 23:15:01,0.05483524530140001
2011-07-07 00:15:01,0.0813649538867
2011-07-07 01:15:01,0.09850485436889998
2011-07-07 02:15:01,0.08124039517010001
2011-07-07 03:15:01,0.0923138183384
2011-07-07 04:15:01,0.08865802767410001
2011-07-07 05:15:01,0.09042653061219999
2011-07-07 06:15:01,0.08859807208720001
2011-07-07 07:15:01,0.0911781285231
2011-07-07 08:15:01,0.08896142433229999
2011-07-07 09:15:01,0.0840167814114
2011-07-07 10:15:01,0.07840734028089999
2011-07-07 11:15:01,0.086670795912
2011-07-07 12:15:01,0.10250341997300001
2011-07-07 13:15:01,0.08527120495089999
2011-07-07 14:15:01,0.0683367370093
2011-07-07 15:15:01,0.056311279674100004
2011-07-07 16:15:01,0.07047631648580001
2011-07-07 17:15:01,0.0678766261016
2011-07-07 18:15:01,0.0658442265795
2011-07-07 19:15:01,0.0611635087719
2011-07-07 20:15:01,0.06453028195730001
2011-07-07 21:15:01,0.0667261108634
2011-07-07 22:15:01,0.05523981113319999
2011-07-07 23:15:01,0.047858833474199995
2011-07-08 00:15:01,0.0637072619384
2011-07-08 01:15:01,0.066376573618
2011-07-08 02:15:01,0.061414960181999996
2011-07-08 03:15:01,0.06175446495569999
2011-07-08 04:15:01,0.0611195668081
2011-07-08 05:15:01,0.0643648297552
2011-07-08 06:15:01,0.0666534914361
2011-07-08 07:15:01,0.07281327160489999
2011-07-08 08:15:01,0.0764273761714
2011-07-08 09:15:01,0.0741566149722
2011-07-08 10:15:01,0.07128681557620001
2011-07-08 11:15:01,0.0830849790545
2011-07-08 12:15:01,0.0932302405498
2011-07-08 13:15:01,0.0895762081784
2011-07-08 14:15:01,0.07121875
2011-07-08 15:15:01,0.0573521780691
2011-07-08 16:15:01,0.0699732949877
2011-07-08 17:15:01,0.0772384396797
2011-07-08 18:15:01,0.07678086458200001
2011-07-08 19:15:01,0.07427755710030001
2011-07-08 20:15:01,0.0749819890368
2011-07-08 21:15:01,0.0754968454259
2011-07-08 22:15:01,0.07611790529950001
2011-07-08 23:15:01,0.0508026496903
2011-07-09 00:15:01,0.0667441509434
2011-07-09 01:15:01,0.0735686988171
2011-07-09 02:15:01,0.0857067470788
2011-07-09 03:15:01,0.06667777938830001
2011-07-09 04:15:01,0.0568429581615
2011-07-09 05:15:01,0.0772841193894
2011-07-09 06:15:01,0.0555066312997
2011-07-09 07:15:01,0.038695434855
2011-07-09 08:15:01,0.049355005828300005
2011-07-09 09:15:01,0.0469143008756
2011-07-09 10:15:01,0.045733443708600004
2011-07-09 11:15:01,0.0630428807037
2011-07-09 12:15:01,0.07864301552110001
2011-07-09 13:15:01,0.0786018518519
2011-07-09 14:15:01,0.0662155097299
2011-07-09 15:15:01,0.05502084375519999
2011-07-09 16:15:01,0.0400288663401
2011-07-09 17:15:01,0.0374027686223
2011-07-09 18:15:01,0.0478192217836
2011-07-09 19:15:01,0.05916508778580001
2011-07-09 20:15:01,0.0443111035884
2011-07-09 21:15:01,0.0554494994549
2011-07-09 22:15:01,0.06134480416569999
2011-07-09 23:15:01,0.0372097094177
2011-07-10 00:15:01,0.0632935364347
2011-07-10 01:15:01,0.087350605934
2011-07-10 02:15:01,0.0642878471185
2011-07-10 03:15:01,0.0596979865772
2011-07-10 04:15:01,0.0652292595897
2011-07-10 05:15:01,0.0622722682286
2011-07-10 06:15:01,0.0640045941807
2011-07-10 07:15:01,0.060294614374199994
2011-07-10 08:15:01,0.052539484621800005
2011-07-10 09:15:01,0.04449646504319999
2011-07-10 10:15:01,0.045408505382
2011-07-10 11:15:01,0.0613743218807
2011-07-10 12:15:01,0.0754435671157
2011-07-10 13:15:01,0.08459059693610001
2011-07-10 14:15:01,0.0671907827855
2011-07-10 15:15:01,0.0578053559765
2011-07-10 16:15:01,0.044450955414
2011-07-10 17:15:01,0.0358272099755
2011-07-10 18:15:01,0.042423026274499995
2011-07-10 19:15:01,0.053262472884999995
2011-07-10 20:15:01,0.0472283308569
2011-07-10 21:15:01,0.059753969389199996
2011-07-10 22:15:01,0.0542453144061
2011-07-10 23:15:01,0.036496781115900004
2011-07-11 00:15:01,0.0338814059565
2011-07-11 01:15:01,0.0513731151748
2011-07-11 03:15:01,0.06722754755940001
2011-07-11 04:15:01,0.0600718778077
2011-07-11 05:15:01,0.0555007991476
2011-07-11 06:15:01,0.047130214917800006
2011-07-11 07:15:01,0.04318106769399999
2011-07-11 08:15:01,0.0315530629853
2011-07-11 09:15:01,0.033532943849400004
2011-07-11 10:15:01,0.0360834635126
2011-07-11 11:15:01,0.0655546965597
2011-07-11 12:15:01,0.08385659967410002
2011-07-11 13:15:01,0.0665198237885
2011-07-11 14:15:01,0.0572540250447
2011-07-11 15:15:01,0.0551635395538
2011-07-11 16:15:01,0.0412174902471
2011-07-11 17:15:01,0.0567138445703
2011-07-11 18:15:01,0.061325747552300004
2011-07-11 19:15:01,0.0651244847486
2011-07-11 20:15:01,0.058930071206900005
2011-07-11 21:15:01,0.0630748065348
2011-07-11 22:15:01,0.0652900278109
2011-07-11 23:15:01,0.0390532501451
2011-07-12 00:15:01,0.063332569858
2011-07-12 01:15:01,0.09695702005729999
2011-07-12 02:15:01,0.0719423640508
2011-07-12 03:15:01,0.06224931575019999
2011-07-12 04:15:01,0.0610825833774
2011-07-12 05:15:01,0.06494002181030001
2011-07-12 06:15:01,0.058225535880699994
2011-07-12 07:15:01,0.058090968373
2011-07-12 08:15:01,0.052081920904000004
2011-07-12 09:15:01,0.0460938967136
2011-07-12 10:15:01,0.0463457835965
2011-07-12 11:15:01,0.0595217391304
2011-07-12 12:15:01,0.075494106981
2011-07-12 13:15:01,0.0738899503248
2011-07-12 14:15:01,0.0599079234311
2011-07-12 15:15:01,0.052447418738000004
2011-07-12 16:15:01,0.040705542168699996
2011-07-12 17:15:01,0.0350618921309
2011-07-12 18:15:01,0.052821473158599995
2011-07-12 20:15:01,0.0485057345113
2011-07-12 21:15:01,0.033115554081599996
2011-07-12 22:15:01,0.0391089521166
2011-07-12 23:15:01,0.0333943161634
2011-07-13 00:15:01,0.0251442407832
2011-07-13 01:15:01,0.0289293016249
2011-07-13 02:15:01,0.0300030129557
2011-07-13 03:15:01,0.030205941764799998
2011-07-13 04:15:01,0.032728243459700004
2011-07-13 05:15:01,0.028231300130599997
2011-07-13 06:15:01,0.029576068929300002
2011-07-13 07:15:01,0.0324097343725
2011-07-13 08:15:01,0.0360097937379
2011-07-13 09:15:01,0.0412524216524
2011-07-13 10:15:01,0.0506190208216
2011-07-13 11:15:01,0.07192763157889999
2011-07-13 12:15:01,0.083331842576
2011-07-13 13:15:01,0.0715323166304
2011-07-13 14:15:01,0.061752727272699995
2011-07-13 15:15:01,0.0516853759803
2011-07-13 16:15:01,0.041046761485699995
2011-07-13 17:15:01,0.0376082084326
2011-07-13 18:15:01,0.0337847614741
2011-07-13 19:15:01,0.033836054287999996
2011-07-13 20:15:01,0.0326967461218
2011-07-13 21:15:01,0.0314170208834
2011-07-13 22:15:01,0.0313101845876
2011-07-13 23:15:01,0.0306917153478
2011-07-14 00:15:01,0.0431321548166
2011-07-14 01:15:01,0.035043315613300006
2011-07-14 02:15:01,0.0420486522025
2011-07-14 03:15:01,0.0412377538829
2011-07-14 04:15:01,0.035213298791
2011-07-14 05:15:01,0.031395143974
2011-07-14 06:15:01,0.0304782906568
2011-07-14 07:15:01,0.0323409363745
2011-07-14 08:15:01,0.0370156446949
2011-07-14 09:15:01,0.0417389304198
2011-07-14 10:15:01,0.04829673477180001
2011-07-14 11:15:01,0.0669106699752
2011-07-14 12:15:01,0.0789525959368
2011-07-14 13:15:01,0.0759500198334
2011-07-14 14:15:01,0.06316068721580001
2011-07-14 15:15:01,0.0537167721519
2011-07-14 16:15:01,0.043211755999600004
2011-07-14 17:15:01,0.0422133719527
2011-07-14 18:15:01,0.042435722928
2011-07-14 19:15:01,0.04707494222519999
2011-07-14 20:15:01,0.041671823631800005
2011-07-14 21:15:01,0.039420442571099994
2011-07-14 22:15:01,0.046242501153699996
2011-07-14 23:15:01,0.038188121293099994
2011-07-15 00:15:01,0.0556358655568
2011-07-15 01:15:01,0.045894023103999995
2011-07-15 02:15:01,0.131775956284
2011-07-15 03:15:01,0.039132871744099997
2011-07-15 04:15:01,0.027194182133900003
2011-07-15 05:15:01,0.03087813289
2011-07-15 06:15:01,0.0322594419495
2011-07-15 07:15:01,0.041309594460900004
2011-07-15 08:15:01,0.0381267975491
2011-07-15 09:15:01,0.0428917007815
2011-07-15 10:15:01,0.048596491228099996
2011-07-15 11:15:01,0.0600573215216
2011-07-15 12:15:01,0.06479577464790001
2011-07-15 13:15:01,0.062403051494
2011-07-15 14:15:01,0.0524078834619
2011-07-15 15:15:01,0.044408770555999996
2011-07-15 16:15:01,0.045241977450099995
2011-07-15 17:15:01,0.042693949284499995
2011-07-15 18:15:01,0.0498892273608
2011-07-15 19:15:01,0.0557410026717
2011-07-15 20:15:01,0.0557856325129
2011-07-15 21:15:01,0.0425375987764
2011-07-15 22:15:01,0.0478263311615
2011-07-15 23:15:01,0.04684046530949999
2011-07-16 00:15:01,0.0608383497284
2011-07-16 01:15:01,0.0730931174089
2011-07-16 02:15:01,0.0697018210927
2011-07-16 03:15:01,0.0639720791092
2011-07-16 04:15:01,0.0431026352288
2011-07-16 05:15:01,0.0413550659576
2011-07-16 06:15:01,0.0481598187622
2011-07-16 07:15:01,0.0543924674936
2011-07-16 08:15:01,0.05781374321880001
2011-07-16 09:15:01,1.93784313725
2011-07-16 10:15:01,0.038647597254
2011-07-16 11:15:01,0.10194815396700001
2011-07-16 12:15:01,0.11415795586500001
2011-07-16 13:15:01,0.10093210586899999
2011-07-16 14:15:01,1.59741935484
2011-07-16 15:15:01,0.0660725308642
2011-07-16 16:15:01,0.08427117411849999
2011-07-16 17:15:01,0.0713939224979
2011-07-16 18:15:01,0.0712054979721
2011-07-16 19:15:01,0.08965043394410001
2011-07-16 20:15:01,0.08795218065089999
2011-07-16 21:15:01,0.0772643039148
2011-07-16 22:15:01,0.0772879512832
2011-07-16 23:15:01,0.07348974846760001
2011-07-17 00:15:01,0.06944321206739999
2011-07-17 01:15:01,0.0732975650021
2011-07-17 02:15:01,0.0742428917787
2011-07-17 03:15:01,0.0656986899563
2011-07-17 04:15:01,0.0536935675035
2011-07-17 05:15:01,0.0507190098262
2011-07-17 06:15:01,0.0414018875344
2011-07-17 07:15:01,0.045513523737500006
2011-07-17 08:15:01,0.046815936779699995
2011-07-17 09:15:01,0.0655914512922
2011-07-17 10:15:01,0.0825370065789
2011-07-17 11:15:01,0.09103055721989999
2011-07-17 12:15:01,0.11425732217599999
2011-07-17 13:15:01,0.112214912281
2011-07-17 14:15:01,0.09243628185910001
2011-07-17 15:15:01,0.0758552925413
2011-07-17 16:15:01,0.09258272800650001
2011-07-17 17:15:01,0.0547304849468
2011-07-17 18:15:01,0.06165008576330001
2011-07-17 19:15:01,0.06016938898969999
2011-07-17 20:15:01,0.0584011065007
2011-07-17 21:15:01,0.0569591728526
2011-07-17 22:15:01,0.055223460110099994
2011-07-17 23:15:01,0.0532476993865
2011-07-18 00:15:01,0.0511177366151
2011-07-18 01:15:01,0.05087945879459999
2011-07-18 02:15:01,0.053932777232599996
2011-07-18 03:15:01,0.053621700879800005
2011-07-18 04:15:01,0.0507437790539
2011-07-18 05:15:01,0.0490143635463
2011-07-18 06:15:01,0.0397487006682
2011-07-18 07:15:01,0.040441092771800004
2011-07-18 08:15:01,0.04159173635019999
2011-07-18 09:15:01,0.0603443328551
2011-07-18 10:15:01,0.0715884194053
2011-07-18 11:15:01,0.0877737881508
2011-07-18 12:15:01,0.0947762345679
2011-07-18 13:15:01,0.08793203181489999
2011-07-18 14:15:01,0.07771624472569999
2011-07-18 15:15:01,0.0668289473684
2011-07-18 16:15:01,0.0642373251748
2011-07-18 17:15:01,0.0584480519481
2011-07-18 18:15:01,0.06
2011-07-18 19:15:01,0.06057127743980001
2011-07-18 20:15:01,0.0590967120318
2011-07-18 21:15:01,0.045974422151800004
2011-07-18 22:15:01,0.0515062419788
2011-07-18 23:15:01,0.0463142194233
2011-07-19 00:15:01,0.0473622761279
2011-07-19 01:15:01,0.045375
2011-07-19 02:15:01,0.0396844383686
2011-07-19 03:15:01,0.0403008779718
2011-07-19 04:15:01,0.038150138696300004
2011-07-19 05:15:01,0.030695004654
2011-07-19 06:15:01,0.0342612677754
2011-07-19 07:15:01,0.03791241014
2011-07-19 08:15:01,0.0456077860169
2011-07-19 09:15:01,0.0677010125074
2011-07-19 10:15:01,0.0818434460398
2011-07-19 11:15:01,0.09992774566469999
2011-07-19 12:15:01,0.107100297915
2011-07-19 13:15:01,0.0923435114504
2011-07-19 14:15:01,0.07678294573639999
2011-07-19 15:15:01,0.063772557031
2011-07-19 16:15:01,0.235018691589
2011-07-19 17:15:01,0.0471752331381
2011-07-19 18:15:01,0.0535730203536
2011-07-19 19:15:01,0.039657991552
2011-07-19 20:15:01,0.0486976104091
2011-07-19 21:15:01,0.0429491068419
2011-07-19 22:15:01,0.0444590082849
2011-07-19 23:15:01,0.0479899944414
2011-07-20 00:15:01,0.0424238534251
2011-07-20 01:15:01,0.049315943572000004
2011-07-20 02:15:01,0.0388231292517
2011-07-20 03:15:01,0.037174972645
2011-07-20 04:15:01,0.035520310159499996
2011-07-20 05:15:01,0.0315649156018
2011-07-20 06:15:01,0.0309474859023
2011-07-20 07:15:01,0.036696070569400004
2011-07-20 08:15:01,0.042247318612
2011-07-20 09:15:01,0.0583041112455
2011-07-20 10:15:01,0.07629976580799999
2011-07-20 11:15:01,0.0880397727273
2011-07-20 12:15:01,0.0977600749766
2011-07-20 13:15:01,0.08450540315880001
2011-07-20 14:15:01,0.0679854096521
2011-07-20 15:15:01,0.0617786027675
2011-07-20 16:15:01,0.05906351414
2011-07-20 17:15:01,0.056198465108
2011-07-20 18:15:01,0.059090617482
2011-07-20 19:15:01,0.0766210045662
2011-07-20 20:15:01,0.057664056170699994
2011-07-20 21:15:01,0.0344220110847
2011-07-20 22:15:01,0.0474282560706
2011-07-20 23:15:01,0.045215196264
2011-07-21 00:15:01,0.0400915170715
2011-07-21 01:15:01,0.041542074364
2011-07-21 02:15:01,0.0368634686347
2011-07-21 03:15:01,0.037282215122500004
2011-07-21 04:15:01,0.0358078562164
2011-07-21 05:15:01,0.0310102351314
2011-07-21 06:15:01,0.031594109741099996
2011-07-21 07:15:01,0.0335278849006
2011-07-21 08:15:01,0.0355121997532
2011-07-21 09:15:01,0.04390054744530001
2011-07-21 10:15:01,0.0556720202874
2011-07-21 11:15:01,0.0739900071378
2011-07-21 12:15:01,0.0808708133971
2011-07-21 13:15:01,0.0716248037677
2011-07-21 14:15:01,0.0625039787798
2011-07-21 15:15:01,0.0554892367906
2011-07-21 16:15:01,0.0523418803419
2011-07-21 17:15:01,0.0475980225026
2011-07-21 18:15:01,0.0507907647908
2011-07-21 19:15:01,0.04861918406330001
2011-07-21 20:15:01,0.048362768496400005
2011-07-21 21:15:01,0.0409542978925
2011-07-21 22:15:01,0.04738046977469999
2011-07-21 23:15:01,0.0512268156425
2011-07-22 00:15:01,0.0475224049915
2011-07-22 01:15:01,0.043396531791900006
2011-07-22 02:15:01,0.04053599327
2011-07-22 03:15:01,0.036265477439699996
2011-07-22 04:15:01,0.03652140890530001
2011-07-22 05:15:01,0.033369706219000005
2011-07-22 06:15:01,0.0333413151593
2011-07-22 07:15:01,0.0339208392233
2011-07-22 08:15:01,0.0394050413307
2011-07-22 09:15:01,0.0477105723569
2011-07-22 10:15:01,0.06291348088530001
2011-07-22 11:15:01,0.0780792478173
2011-07-22 12:15:01,1.40869565217
2011-07-22 13:15:01,0.0491944444444
2011-07-22 14:15:01,0.07834260289210002
2011-07-22 15:15:01,0.066860551827
2011-07-22 16:15:01,1.4155113636399999
2011-07-22 17:15:01,0.0296156162184
2011-07-22 18:15:01,0.052285064658199994
2011-07-22 19:15:01,0.053442666314000006
2011-07-22 20:15:01,0.0527020460358
2011-07-22 21:15:01,0.0499369722916
2011-07-22 22:15:01,0.054040639573599995
2011-07-22 23:15:01,0.055182405910900005
2011-07-23 00:15:01,0.0598174374862
2011-07-23 01:15:01,0.06552453177069999
2011-07-23 02:15:01,0.0464872809497
2011-07-23 03:15:01,0.0362310278089
2011-07-23 04:15:01,0.044772169646
2011-07-23 05:15:01,0.041357476635500004
2011-07-23 06:15:01,0.0368153788069
2011-07-23 07:15:01,0.040071715934900005
2011-07-23 08:15:01,0.058751397094
2011-07-23 09:15:01,0.0501347948452
2011-07-23 10:15:01,0.0713851351351
2011-07-23 11:15:01,0.0578331332533
2011-07-23 12:15:01,0.081110100091
2011-07-23 13:15:01,0.10404461687699999
2011-07-23 14:15:01,0.0864030261348
2011-07-23 15:15:01,0.0748551890587
2011-07-23 16:15:01,0.0649575508104
2011-07-23 17:15:01,0.056827783745099995
2011-07-23 18:15:01,0.0602324177483
2011-07-23 19:15:01,0.06573145172559999
2011-07-23 20:15:01,0.0607005420054
2011-07-23 21:15:01,0.0495779892429
2011-07-23 22:15:01,0.0448656659336
2011-07-23 23:15:01,0.0548974916963
2011-07-24 00:15:01,0.041680542986400004
2011-07-24 01:15:01,0.049109341958
2011-07-24 02:15:01,0.0466604731822
2011-07-24 03:15:01,0.0445666608422
2011-07-24 04:15:01,0.0392123582323
2011-07-24 05:15:01,0.043250261415099994
2011-07-24 06:15:01,0.0422317596567
2011-07-24 07:15:01,0.0506168694922
2011-07-24 08:15:01,0.057199701102200004
2011-07-24 09:15:01,0.0688215488215
2011-07-24 10:15:01,0.07841572596339999
2011-07-24 11:15:01,0.09350545037289999
2011-07-24 12:15:01,0.103796992481
2011-07-24 13:15:01,0.111472457627
2011-07-24 14:15:01,0.0916643356643
2011-07-24 15:15:01,0.0807935189032
2011-07-24 16:15:01,0.06788423714530001
2011-07-24 17:15:01,0.0656017369727
2011-07-24 18:15:01,0.0631997174642
2011-07-24 19:15:01,0.07380939377389999
2011-07-24 20:15:01,0.070237363388
2011-07-24 21:15:01,0.0399001409774
2011-07-24 22:15:01,0.054581103222300004
2011-07-24 23:15:01,0.0505698371894
2011-07-25 00:15:01,0.04972251982
2011-07-25 01:15:01,0.0495342697223
2011-07-25 02:15:01,0.0586675824176
2011-07-25 03:15:01,0.0530035526722
2011-07-25 04:15:01,0.044013307240699996
2011-07-25 05:15:01,0.037101147648199995
2011-07-25 06:15:01,0.0345290051504
2011-07-25 07:15:01,0.041153773762500005
2011-07-25 08:15:01,0.0441294849729
2011-07-25 09:15:01,0.0682762836186
2011-07-25 10:15:01,0.076005165734
2011-07-25 11:15:01,0.0929921819474
2011-07-25 12:15:01,0.101077625571
2011-07-25 13:15:01,0.09071538461539999
2011-07-25 14:15:01,0.0730823786143
2011-07-25 15:15:01,0.0628337969402
2011-07-25 16:15:01,0.05509380194730001
2011-07-25 17:15:01,0.0515226337449
2011-07-25 18:15:01,0.051742658993699994
2011-07-25 19:15:01,0.0516077922078
2011-07-25 20:15:01,0.050700467821500006
2011-07-25 21:15:01,0.052006012255800003
2011-07-25 22:15:01,0.0537768333878
2011-07-25 23:15:01,0.0504095870372
2011-07-26 00:15:01,0.052935034802800006
2011-07-26 01:15:01,0.0499762639449
2011-07-26 02:15:01,0.041455278182000004
2011-07-26 03:15:01,0.0395157508411
2011-07-26 04:15:01,0.0371883945841
2011-07-26 05:15:01,0.032988635721200005
2011-07-26 06:15:01,0.0344495269127
2011-07-26 07:15:01,0.037229035166800005
2011-07-26 08:15:01,0.043623273929000006
2011-07-26 09:15:01,0.0597807382737
2011-07-26 10:15:01,0.07228571428569999
2011-07-26 11:15:01,0.0877300201478
2011-07-26 12:15:01,0.13183637945999999
2011-07-26 13:15:01,0.08379862700230001
2011-07-26 14:15:01,0.0542478327384
2011-07-26 15:15:01,0.0675828590559
2011-07-26 16:15:01,0.05892813343140001
2011-07-26 17:15:01,0.0562913907285
2011-07-26 18:15:01,0.055810402982400004
2011-07-26 19:15:01,0.0579607972327
2011-07-26 20:15:01,0.0526894827317
2011-07-26 21:15:01,0.0496748797201
2011-07-26 22:15:01,0.048057250799199994
2011-07-26 23:15:01,0.046533591538800004
2011-07-27 00:15:01,0.0430261810736
2011-07-27 01:15:01,0.03969141460430001
2011-07-27 02:15:01,0.0445037237644
2011-07-27 03:15:01,0.042116190476199994
2011-07-27 04:15:01,0.0338776046227
2011-07-27 05:15:01,0.0304634451156
2011-07-27 06:15:01,0.029435221536699998
2011-07-27 07:15:01,0.034433830382099996
2011-07-27 08:15:01,0.034545918888500005
2011-07-27 09:15:01,0.0526417370326
2011-07-27 10:15:01,0.060051072523
2011-07-27 11:15:01,0.0728835774865
2011-07-27 12:15:01,0.0773726273726
2011-07-27 13:15:01,0.0673840769904
2011-07-27 14:15:01,0.060063897763599994
2011-07-27 15:15:01,0.053645640074199995
2011-07-27 16:15:01,0.051039903264800006
2011-07-27 17:15:01,0.0439063608418
2011-07-27 18:15:01,0.04915825595480001
2011-07-27 19:15:01,0.0488071810806
2011-07-27 20:15:01,0.0430030911901
2011-07-27 21:15:01,0.040239520958099996
2011-07-27 22:15:01,0.044276224743999996
2011-07-27 23:15:01,0.0529773700306
2011-07-28 00:15:01,0.0563119477526
2011-07-28 01:15:01,0.0556735685072
2011-07-28 02:15:01,0.050284513805499996
2011-07-28 03:15:01,0.0489075890552
2011-07-28 04:15:01,0.040607622617900005
2011-07-28 05:15:01,0.0390247844828
2011-07-28 06:15:01,0.038139491398699994
2011-07-28 07:15:01,0.0447173680456
2011-07-28 08:15:01,0.046365118174400005
2011-07-28 09:15:01,0.0626537555614
2011-07-28 10:15:01,0.0727224272243
2011-07-28 11:15:01,0.08628495339549999
2011-07-28 12:15:01,0.08982788296039998
2011-07-28 13:15:01,0.0802010827533
2011-07-28 14:15:01,0.0766177270256
2011-07-28 15:15:01,0.0718983957219
2011-07-28 16:15:01,0.0718861009304
2011-07-28 17:15:01,0.08900000000000001
2011-07-28 18:15:01,0.0615586797066
2011-07-28 19:15:01,0.0617660420216
2011-07-28 20:15:01,0.0586635862804
2011-07-28 21:15:01,0.054189358372499996
2011-07-28 22:15:01,0.0556064356436
2011-07-28 23:15:01,0.05744134648080001
2011-07-29 00:15:01,0.057895193475599994
2011-07-29 01:15:01,0.0560542119786
2011-07-29 02:15:01,0.053025997581599996
2011-07-29 03:15:01,0.0572568866111
2011-07-29 04:15:01,0.0528725420516
2011-07-29 05:15:01,0.0477209443099
2011-07-29 06:15:01,0.0465127180512
2011-07-29 07:15:01,0.04714024440930001
2011-07-29 08:15:01,0.04689453125
2011-07-29 09:15:01,0.0959969207082
2011-07-29 10:15:01,0.10226388888900001
2011-07-29 11:15:01,0.11756427604900001
2011-07-29 12:15:01,0.11657556270099999
2011-07-29 13:15:01,0.105710306407
2011-07-29 14:15:01,0.087907444668
2011-07-29 15:15:01,0.08291666666669999
2011-07-29 16:15:01,0.08605426356589999
2011-07-29 17:15:01,0.0961227661228
2011-07-29 18:15:01,0.108822724162
2011-07-29 19:15:01,0.108028759736
2011-07-29 20:15:01,0.115532527346
2011-07-29 21:15:01,0.09667332002660001
2011-07-29 22:15:01,0.120914285714
2011-07-29 23:15:01,0.124646074646
2011-07-30 00:15:01,0.120184300341
2011-07-30 01:15:01,0.121677237491
2011-07-30 02:15:01,0.0962213740458
2011-07-30 03:15:01,0.0967009194159
2011-07-30 04:15:01,0.0957837301587
2011-07-30 05:15:01,0.0775151924375
2011-07-30 06:15:01,0.0686090225564
2011-07-30 07:15:01,0.0711646017699
2011-07-30 08:15:01,0.0684051186017
2011-07-30 09:15:01,0.0925690846287
2011-07-30 10:15:01,0.0869850187266
2011-07-30 11:15:01,0.151610915493
2011-07-30 12:15:01,0.13047440699100002
2011-07-30 13:15:01,0.0899594046008
2011-07-30 14:15:01,0.101433260394
2011-07-30 15:15:01,0.09084104938269999
2011-07-30 16:15:01,0.08145955716219999
2011-07-30 17:15:01,0.07177696423539999
2011-07-30 18:15:01,0.07031053294169999
2011-07-30 19:15:01,0.07004505316269999
2011-07-30 20:15:01,0.0656592844974
2011-07-30 21:15:01,0.056761363636400004
2011-07-30 22:15:01,0.055616316352000005
2011-07-30 23:15:01,0.05735576085059999
2011-07-31 00:15:01,0.055418803418800004
2011-07-31 01:15:01,0.060599459946
2011-07-31 02:15:01,0.12190182366699999
2011-07-31 03:15:01,0.0518305468971
2011-07-31 04:15:01,0.0495443037975
2011-07-31 05:15:01,0.0465316622691
2011-07-31 06:15:01,0.0770835952231
2011-07-31 07:15:01,0.050998384491099995
2011-07-31 08:15:01,0.045533798952400006
2011-07-31 09:15:01,0.0768563922942
2011-07-31 10:15:01,0.0528044871795
2011-07-31 11:15:01,0.050136986301400004
2011-07-31 12:15:01,0.09275549805950001
2011-07-31 13:15:01,0.10577572964700001
2011-07-31 14:15:01,0.08214214214210001
2011-07-31 15:15:01,0.0736049192929
2011-07-31 16:15:01,0.0734527140459
2011-07-31 17:15:01,0.06548108552630001
2011-07-31 18:15:01,0.06026548672569999
2011-07-31 19:15:01,0.06044092570040001
2011-07-31 20:15:01,0.0592365692743
2011-07-31 21:15:01,0.052733829163800004
2011-07-31 22:15:01,0.0510289822512
2011-07-31 23:15:01,0.049378169790500005
2011-08-01 00:15:01,0.055019828845800006
2011-08-01 01:15:01,0.040569620253199996
2011-08-01 02:15:01,0.10580434782600001
2011-08-01 03:15:01,0.123471528472
2011-08-01 04:15:01,0.129646539028
2011-08-01 05:15:01,0.141232511659
2011-08-01 06:15:01,0.13262057877800001
2011-08-01 07:15:01,0.139712441315
2011-08-01 08:15:01,0.042470222682499996
2011-08-01 09:15:01,0.057911341853
2011-08-01 10:15:01,0.0738152866242
2011-08-01 11:15:01,0.08578252032519999
2011-08-01 12:15:01,0.0943673965937
2011-08-01 14:15:01,0.04694470046080001
2011-08-01 15:15:01,0.0692014613779
2011-08-01 16:15:01,0.0591852919971
2011-08-01 17:15:01,0.068234508547
2011-08-01 18:15:01,0.123455852976
2011-08-01 19:15:01,0.125966895438
2011-08-01 21:15:01,0.0334392443109
2011-08-01 22:15:01,0.109475592748
2011-08-01 23:15:01,0.09373581479800001
2011-08-02 00:15:01,0.106262761956
2011-08-02 01:15:01,0.117629698664
2011-08-02 02:15:01,0.08847890352060002
2011-08-02 03:15:01,0.100295823666
2011-08-02 04:15:01,0.100527689185
2011-08-02 05:15:01,0.0976157662624
2011-08-02 06:15:01,0.09756844547560001
2011-08-02 07:15:01,0.102861783816
2011-08-02 08:15:01,0.14076593312400001
2011-08-02 09:15:01,0.129105928086
2011-08-02 10:15:01,0.10898197242799999
2011-08-02 11:15:01,0.145963149079
2011-08-02 12:15:01,0.23996655518399998
2011-08-02 13:15:01,0.128840436075
2011-08-02 14:15:01,0.0688613861386
2011-08-02 15:15:01,0.08996641074860001
2011-08-02 16:15:01,0.07811096433289999
2011-08-02 17:15:01,0.06406698564590001
2011-08-02 18:15:01,0.22006353240200002
2011-08-02 19:15:01,0.11484709917099999
2011-08-02 20:15:01,0.0704839899661
2011-08-02 21:15:01,0.0817299162149
2011-08-02 22:15:01,0.09458619970820001
2011-08-02 23:15:01,0.311372074253
2011-08-03 00:15:01,0.23428859330899998
2011-08-03 01:15:01,0.09805401495060001
2011-08-03 02:15:01,0.163368689011
2011-08-03 03:15:01,0.17193793103399999
2011-08-03 04:15:01,0.1372858473
2011-08-03 05:15:01,0.11369887991699999
2011-08-03 06:15:01,0.089701863354
2011-08-03 07:15:01,0.08796681415930001
2011-08-03 08:15:01,0.09150833089739999
2011-08-03 09:15:01,0.141965748325
2011-08-03 10:15:01,0.0512468468468
2011-08-03 11:15:01,0.11178181818199999
2011-08-03 12:15:01,0.0857021677663
2011-08-03 13:15:01,0.05465641025640001
2011-08-03 14:15:01,0.06857907253269999
2011-08-03 15:15:01,0.059036608863199995
2011-08-03 16:15:01,0.0523169142559
2011-08-03 17:15:01,0.0549882684186
2011-08-03 18:15:01,0.104113973458
2011-08-03 19:15:01,0.09829464285710002
2011-08-03 20:15:01,0.0562952979934
2011-08-03 21:15:01,0.0669968051118
2011-08-03 22:15:01,0.101325804076
2011-08-03 23:15:01,0.09545981554680001
2011-08-04 00:15:01,0.122438948028
2011-08-04 01:15:01,0.122290791599
2011-08-04 02:15:01,0.0846762395015
2011-08-04 03:15:01,0.106301330249
2011-08-04 04:15:01,0.111725165563
2011-08-04 05:15:01,0.11621192621200001
2011-08-04 06:15:01,0.11232425159800001
2011-08-04 07:15:01,0.0959293917482
2011-08-04 08:15:01,0.109967845659
2011-08-04 09:15:01,0.0869495213229
2011-08-04 10:15:01,0.0772389283762
2011-08-04 11:15:01,0.0939022498061
2011-08-04 12:15:01,0.0973532338308
2011-08-04 13:15:01,0.09135845749339999
2011-08-04 14:15:01,0.25043715847
2011-08-04 15:15:01,0.042883597883599994
2011-08-04 16:15:01,0.06462893081759999
2011-08-04 17:15:01,0.05742775393419999
2011-08-04 18:15:01,0.09619159565089999
2011-08-04 19:15:01,0.102134831461
2011-08-04 20:15:01,0.0560319741333
2011-08-04 21:15:01,0.06698510529019999
2011-08-04 22:15:01,0.09697732997479999
2011-08-04 23:15:01,0.0925453857791
2011-08-05 00:15:01,0.118713163065
2011-08-05 01:15:01,0.13965733866399999
2011-08-05 02:15:01,0.0834807149577
2011-08-05 03:15:01,0.0924907063197
2011-08-05 04:15:01,0.0971385542169
2011-08-05 05:15:01,0.100891600188
2011-08-05 06:15:01,0.0942962252079
2011-08-05 07:15:01,0.09381837307150001
2011-08-05 08:15:01,0.083141922047
2011-08-05 09:15:01,0.07138188608780001
2011-08-05 10:15:01,0.06596471885340001
2011-08-05 11:15:01,0.07443820224719999
2011-08-05 12:15:01,0.0749755142018
2011-08-05 13:15:01,0.0671464435146
2011-08-05 14:15:01,0.0670625
2011-08-05 15:15:01,0.0572193777078
2011-08-05 16:15:01,0.0557511210762
2011-08-05 17:15:01,0.0631071529545
2011-08-05 18:15:01,0.08635407786299999
2011-08-05 19:15:01,0.0872901520159
2011-08-05 20:15:01,0.0510227402583
2011-08-05 21:15:01,0.0617386506936
2011-08-05 22:15:01,0.0907938257993
2011-08-05 23:15:01,0.09359307359310001
2011-08-06 00:15:01,0.099806891329
2011-08-06 01:15:01,0.06676008697750001
2011-08-06 02:15:01,0.07422476586889999
2011-08-06 03:15:01,0.0807384987893
2011-08-06 04:15:01,0.0866872427984
2011-08-06 05:15:01,0.0916549295775
2011-08-06 06:15:01,0.0917531258313
2011-08-06 07:15:01,0.101813543599
2011-08-06 08:15:01,0.09599888392860001
2011-08-06 09:15:01,0.117270916335
2011-08-06 10:15:01,0.133966005666
2011-08-06 11:15:01,0.14286259542000002
2011-08-06 12:15:01,0.1058698941
2011-08-06 13:15:01,0.10536351166
2011-08-06 14:15:01,0.08829871414439999
2011-08-06 15:15:01,0.0741804320203
2011-08-06 16:15:01,0.09137220259130001
2011-08-06 17:15:01,0.055386205115
2011-08-06 18:15:01,0.0926054750403
2011-08-06 19:15:01,0.08662429906539999
2011-08-06 20:15:01,0.0527211621856
2011-08-06 21:15:01,0.0743679561377
2011-08-06 22:15:01,0.09355024347060001
2011-08-06 23:15:01,0.0938611111111
2011-08-07 00:15:01,0.11147708894899999
2011-08-07 01:15:01,0.111701408451
2011-08-07 02:15:01,0.136211369706
2011-08-07 03:15:01,0.0996892062159
2011-08-07 04:15:01,0.0940372046254
2011-08-07 05:15:01,0.0977255639098
2011-08-07 06:15:01,0.0987210648148
2011-08-07 07:15:01,0.0938536306461
2011-08-07 08:15:01,0.0963344947735
2011-08-07 09:15:01,0.083353437877
2011-08-07 10:15:01,0.177392795883
2011-08-07 11:15:01,0.0497205142538
2011-08-07 12:15:01,0.0979714285714
2011-08-07 13:15:01,0.09623639191289998
2011-08-07 14:15:01,0.08652744630069999
2011-08-07 15:15:01,0.0687751937984
2011-08-07 16:15:01,0.059144698301099995
2011-08-07 17:15:01,0.0667165419784
2011-08-07 18:15:01,0.0793987621574
2011-08-07 19:15:01,0.0782859641452
2011-08-07 20:15:01,0.0532592413626
2011-08-07 21:15:01,0.0710308529946
2011-08-07 22:15:01,0.0869322709163
2011-08-07 23:15:01,0.0904001759015
2011-08-08 00:15:01,0.12344025157199999
2011-08-08 01:15:01,0.233134328358
2011-08-08 02:15:01,0.08792452830189999
2011-08-08 03:15:01,0.101437410757
2011-08-08 04:15:01,0.10091885441500001
2011-08-08 05:15:01,0.103345339937
2011-08-08 06:15:01,0.0927337431252
2011-08-08 07:15:01,0.0964
2011-08-08 08:15:01,0.08910760034160001
2011-08-08 09:15:01,0.0759894304169
2011-08-08 10:15:01,0.0858486055777
2011-08-08 11:15:01,0.09980209545980001
2011-08-08 12:15:01,0.10511821974999999
2011-08-08 13:15:01,0.100222513089
2011-08-08 14:15:01,0.0861359570662
2011-08-08 15:15:01,0.0723490378235
2011-08-08 16:15:01,0.0687341772152
2011-08-08 17:15:01,0.0586438607208
2011-08-08 18:15:01,0.0705466448445
2011-08-08 19:15:01,0.0974271278663
2011-08-08 20:15:01,0.0637218116354
2011-08-08 21:15:01,0.0499069117989
2011-08-08 22:15:01,0.05577418015769999
2011-08-08 23:15:01,0.077714184145
2011-08-09 00:15:01,0.09449860724230001
2011-08-09 01:15:01,0.0986557539683
2011-08-09 02:15:01,0.0859920318725
2011-08-09 03:15:01,0.0947138740222
2011-08-09 04:15:01,0.0800303234501
2011-08-09 05:15:01,0.0938456486043
2011-08-09 06:15:01,0.115155251142
2011-08-09 07:15:01,0.106351152526
2011-08-09 08:15:01,0.100244755245
2011-08-09 09:15:01,0.129435382685
2011-08-09 10:15:01,0.0486094316808
2011-08-09 11:15:01,0.0791089108911
2011-08-09 12:15:01,0.0813043478261
2011-08-09 13:15:01,0.0769640787949
2011-08-09 14:15:01,0.0713676731794
2011-08-09 15:15:01,0.0599360613811
2011-08-09 16:15:01,0.061743496120499994
2011-08-09 17:15:01,0.0531718464351
2011-08-09 18:15:01,0.0643284993695
2011-08-09 19:15:01,0.0480204223718
2011-08-09 20:15:01,0.0495615949216
2011-08-09 21:15:01,0.043517424088
2011-08-09 22:15:01,0.0407210300429
2011-08-09 23:15:01,0.0392794987818
2011-08-10 00:15:01,0.039146556798099995
2011-08-10 01:15:01,0.058012081273999996
2011-08-10 02:15:01,0.0745677766566
2011-08-10 03:15:01,0.0757795591182
2011-08-10 04:15:01,0.07915954415950001
2011-08-10 05:15:01,0.0899501246883
2011-08-10 06:15:01,0.0563836637858
2011-08-10 07:15:01,0.09399898373980001
2011-08-10 08:15:01,0.0601573426573
2011-08-10 09:15:01,0.05960349854230001
2011-08-10 10:15:01,0.0711275720165
2011-08-10 11:15:01,0.0769673055242
2011-08-10 12:15:01,0.0786202185792
2011-08-10 13:15:01,0.0741212121212
2011-08-10 14:15:01,0.0663563563564
2011-08-10 15:15:01,0.06484871406960001
2011-08-10 16:15:01,0.05896355353080001
2011-08-10 17:15:01,0.05672523364490001
2011-08-10 18:15:01,0.049443978765
2011-08-10 19:15:01,0.051366161616199994
2011-08-10 20:15:01,0.0501507537688
2011-08-10 21:15:01,0.045127579321099995
2011-08-10 22:15:01,0.0462825130052
2011-08-10 23:15:01,0.042141947224699994
2011-08-11 00:15:01,0.0426897304036
2011-08-11 01:15:01,0.051143337536800004
2011-08-11 02:15:01,0.09884744884739999
2011-08-11 03:15:01,0.0766124741354
2011-08-11 04:15:01,0.0737386325362
2011-08-11 05:15:01,0.08401318198460002
2011-08-11 06:15:01,0.0793949930459
2011-08-11 07:15:01,0.07175555555560001
2011-08-11 08:15:01,0.053458120118500006
2011-08-11 09:15:01,0.061183362624500005
2011-08-11 10:15:01,0.06816199376950001
2011-08-11 11:15:01,0.0833407821229
2011-08-11 12:15:01,0.0808367071525
2011-08-11 13:15:01,0.07796541200410001
2011-08-11 14:15:01,0.0696147403685
2011-08-11 15:15:01,0.0629262802476
2011-08-11 16:15:01,0.056799363057300004
2011-08-11 17:15:01,0.0564024991779
2011-08-11 18:15:01,0.0552805648458
2011-08-11 19:15:01,0.07031111111110001
2011-08-11 20:15:01,0.0535619735259
2011-08-11 21:15:01,0.040346938775499996
2011-08-11 22:15:01,0.044694357366800004
2011-08-11 23:15:01,0.0418757062147
2011-08-12 00:15:01,0.05002938517180001
2011-08-12 01:15:01,0.0479484200743
2011-08-12 02:15:01,0.0514487046632
2011-08-12 03:15:01,0.0396701238836
2011-08-12 04:15:01,0.036172670618599995
2011-08-12 05:15:01,0.0308958228485
2011-08-12 06:15:01,0.0353634957463
2011-08-12 07:15:01,0.0337922725384
2011-08-12 08:15:01,0.0416547185333
2011-08-12 09:15:01,0.146504468719
2011-08-12 10:15:01,0.0449608695652
2011-08-12 11:15:01,0.125353982301
2011-08-12 12:15:01,0.100753968254
2011-08-12 13:15:01,0.100266120778
2011-08-12 14:15:01,0.07915123456789999
2011-08-12 15:15:01,0.077437567861
2011-08-12 16:15:01,0.0605776045358
2011-08-12 17:15:01,0.06021209166259999
2011-08-12 18:15:01,0.060150990099
2011-08-12 19:15:01,0.08417521486
2011-08-12 20:15:01,0.0932248322148
2011-08-12 21:15:01,0.0837045381397
2011-08-12 22:15:01,0.09977337110480002
2011-08-12 23:15:01,0.100469504168
2011-08-13 00:15:01,0.0865828750982
2011-08-13 01:15:01,0.0745133713284
2011-08-13 02:15:01,0.040870133560699996
2011-08-13 03:15:01,0.0306131097701
2011-08-13 04:15:01,0.033456663941099994
2011-08-13 05:15:01,0.029722747079
2011-08-13 06:15:01,0.0356542076503
2011-08-13 07:15:01,0.0471537396122
2011-08-13 08:15:01,0.066994720169
2011-08-13 09:15:01,0.082317826266
2011-08-13 10:15:01,0.087803583278
2011-08-13 11:15:01,0.104937275986
2011-08-13 12:15:01,0.10878751500600001
2011-08-13 13:15:01,0.101025316456
2011-08-13 14:15:01,0.11507202426100001
2011-08-13 15:15:01,0.0942892613284
2011-08-13 16:15:01,0.08329234972680001
2011-08-13 17:15:01,0.0747824470063
2011-08-13 18:15:01,0.08639628085920001
2011-08-13 19:15:01,0.0903199002908
2011-08-13 20:15:01,0.09169288645689999
2011-08-13 21:15:01,0.09448365527489999
2011-08-13 22:15:01,0.09135903426789999
2011-08-13 23:15:01,0.09126925898749999
2011-08-14 00:15:01,0.08954350370660001
2011-08-14 01:15:01,0.0947285932722
2011-08-14 02:15:01,0.044027127595699996
2011-08-14 03:15:01,0.0356638691629
2011-08-14 04:15:01,0.0345264954024
2011-08-14 05:15:01,0.037259065348099994
2011-08-14 06:15:01,0.0364957083819
2011-08-14 07:15:01,0.04639117427080001
2011-08-14 08:15:01,0.0461332462443
2011-08-14 09:15:01,0.06904182106930001
2011-08-14 10:15:01,0.0837767683323
2011-08-14 11:15:01,0.0902649656526
2011-08-14 12:15:01,0.114012158055
2011-08-14 13:15:01,0.10891107078
2011-08-14 14:15:01,0.09852503382950001
2011-08-14 15:15:01,0.07480252764610001
2011-08-14 16:15:01,0.13516563147
2011-08-14 17:15:01,0.0508985260771
2011-08-14 18:15:01,0.0614588782331
2011-08-14 19:15:01,0.055194873136300004
2011-08-14 20:15:01,0.060249480249500005
2011-08-14 21:15:01,0.07842040816330001
2011-08-14 22:15:01,0.0836391320898
2011-08-14 23:15:01,0.0895198237885
2011-08-15 00:15:01,0.097279110591
2011-08-15 01:15:01,0.0982432432432
2011-08-15 02:15:01,0.0504830126893
2011-08-15 03:15:01,0.0417977941176
2011-08-15 04:15:01,0.042186122449
2011-08-15 05:15:01,0.041212286441300004
2011-08-15 06:15:01,0.045796460176999995
2011-08-15 07:15:01,0.0523610053313
2011-08-15 08:15:01,0.051543585288199995
2011-08-15 09:15:01,0.106324541284
2011-08-15 10:15:01,0.0899218071242
2011-08-15 11:15:01,0.0899218071242
2011-08-15 12:15:01,0.09
2011-08-15 13:15:01,0.0973558897243
2011-08-15 14:15:01,0.0869769673704
2011-08-15 15:15:01,0.0814879356568
2011-08-15 16:15:01,0.0724441132638
2011-08-15 17:15:01,0.0676992632284
2011-08-15 18:15:01,0.05873110921019999
2011-08-15 19:15:01,0.050633355248699996
2011-08-15 20:15:01,0.0623975228546
2011-08-15 21:15:01,0.10624115863900001
2011-08-15 22:15:01,0.0816747465844
2011-08-15 23:15:01,0.08424439918530001
2011-08-16 00:15:01,0.09229432805309999
2011-08-16 01:15:01,0.09545742753620001
2011-08-16 02:15:01,0.045676561295300004
2011-08-16 03:15:01,0.041049668874199995
2011-08-16 04:15:01,0.0410139751553
2011-08-16 05:15:01,0.0478434955973
2011-08-16 06:15:01,0.045726624918999995
2011-08-16 07:15:01,0.06292521739130001
2011-08-16 08:15:01,0.0665654205607
2011-08-16 09:15:01,0.082134751773
2011-08-16 10:15:01,0.09531187122739998
2011-08-16 11:15:01,0.0961870503597
2011-08-16 12:15:01,0.113057432432
2011-08-16 13:15:01,0.08824372759860001
2011-08-16 14:15:01,0.0895794392523
2011-08-16 15:15:01,0.0739641943734
2011-08-16 16:15:01,0.0825544344132
2011-08-16 17:15:01,0.06393181818180001
2011-08-16 18:15:01,0.0626725579174
2011-08-16 19:15:01,0.055473874688999995
2011-08-16 20:15:01,0.0647486922902
2011-08-16 21:15:01,0.059153699153699994
2011-08-16 22:15:01,0.07695625129589999
2011-08-16 23:15:01,0.06451936095319999
2011-08-17 00:15:01,0.07378907878280001
2011-08-17 01:15:01,0.100283286119
2011-08-17 02:15:01,0.0495902507948
2011-08-17 03:15:01,0.0422898318655
2011-08-17 04:15:01,0.058458315272399995
2011-08-17 05:15:01,0.0479769673704
2011-08-17 06:15:01,0.0507570593963
2011-08-17 07:15:01,0.05280834914609999
2011-08-17 08:15:01,0.0735834787667
2011-08-17 09:15:01,0.08488301886789999
2011-08-17 10:15:01,0.0917445838084
2011-08-17 11:15:01,0.0939274924471
2011-08-17 12:15:01,0.08804347826089999
2011-08-17 13:15:01,0.0815925542916
2011-08-17 14:15:01,0.0777673545966
2011-08-17 15:15:01,0.0770510948905
2011-08-17 16:15:01,0.07475039411460001
2011-08-17 17:15:01,0.0668609022556
2011-08-17 18:15:01,0.09162402989360001
2011-08-17 19:15:01,0.0662641613705
2011-08-17 20:15:01,0.0679167717528
2011-08-17 21:15:01,0.0611784957627
2011-08-17 22:15:01,0.062357852882699995
2011-08-17 23:15:01,0.0632750914262
2011-08-18 00:15:01,0.0686437659033
2011-08-18 01:15:01,0.0956501182033
2011-08-18 02:15:01,0.0599736040609
2011-08-18 03:15:01,0.0620127041742
2011-08-18 04:15:01,0.0681144885049
2011-08-18 05:15:01,0.056256655039499996
2011-08-18 06:15:01,0.056431095406400004
2011-08-18 07:15:01,0.0498021863613
2011-08-18 08:15:01,0.0740924464487
2011-08-18 09:15:01,0.0945313710302
2011-08-18 10:15:01,0.09870236869210001
2011-08-18 11:15:01,0.109570552147
2011-08-18 12:15:01,0.118784246575
2011-08-18 13:15:01,0.101612903226
2011-08-18 14:15:01,0.102437641723
2011-08-18 15:15:01,0.112092783505
2011-08-18 16:15:01,0.103125410374
2011-08-18 17:15:01,0.08648243359039999
2011-08-18 18:15:01,0.083472541927
2011-08-18 19:15:01,0.081549255441
2011-08-18 20:15:01,0.105738668159
2011-08-18 21:15:01,0.0799499411072
2011-08-18 22:15:01,0.0779770885722
2011-08-18 23:15:01,0.0738989715668
2011-08-19 00:15:01,0.0770923761825
2011-08-19 01:15:01,0.0698272980501
2011-08-19 02:15:01,0.192373386296
2011-08-19 03:15:01,0.061297644539599995
2011-08-19 04:15:01,0.06354411450540001
2011-08-19 05:15:01,0.0588994685562
2011-08-19 06:15:01,0.0622674562053
2011-08-19 07:15:01,0.0728201970443
2011-08-19 08:15:01,0.08427237781439999
2011-08-19 09:15:01,0.0954718417047
2011-08-19 10:15:01,0.127431850789
2011-08-19 11:15:01,0.0780068728522
2011-08-19 12:15:01,0.09893510815310001
2011-08-19 13:15:01,0.09538157894739999
2011-08-19 14:15:01,0.0951400862069
2011-08-19 15:15:01,0.09113913751019999
2011-08-19 16:15:01,0.08712921348310002
2011-08-19 17:15:01,0.07899292550980001
2011-08-19 18:15:01,0.0724923504868
2011-08-19 19:15:01,0.0698632367307
2011-08-19 20:15:01,0.0818661473088
2011-08-19 21:15:01,0.089911861917
2011-08-19 22:15:01,0.0965571572243
2011-08-19 23:15:01,0.100698847262
2011-08-20 00:15:01,0.11334943083799999
2011-08-20 01:15:01,0.11680969408
2011-08-20 02:15:01,0.0719285216988
2011-08-20 03:15:01,0.0677311783961
2011-08-20 04:15:01,0.051628354950599996
2011-08-20 05:15:01,0.053981264637
2011-08-20 06:15:01,0.0611190997187
2011-08-20 07:15:01,0.0990176537585
2011-08-20 08:15:01,0.19737717309099997
2011-08-20 09:15:01,0.147706255666
2011-08-20 10:15:01,0.0708635996772
2011-08-20 11:15:01,0.126357056695
2011-08-20 12:15:01,0.132933104631
2011-08-20 13:15:01,0.10620370370400001
2011-08-20 14:15:01,0.106563245823
2011-08-20 15:15:01,0.12010569105699999
2011-08-20 16:15:01,0.115922798552
2011-08-20 17:15:01,0.10417203311899999
2011-08-20 18:15:01,0.11794458229900001
2011-08-20 19:15:01,0.09722404371580001
2011-08-20 20:15:01,0.112797356828
2011-08-20 21:15:01,0.11463300607799999
2011-08-20 22:15:01,0.12117085863
2011-08-20 23:15:01,0.120316205534
2011-08-21 00:15:01,0.124019358125
2011-08-21 01:15:01,0.13585600907
2011-08-21 02:15:01,0.07245142400849999
2011-08-21 03:15:01,0.06959497868310001
2011-08-21 04:15:01,0.0487391352184
2011-08-21 05:15:01,0.0443971277551
2011-08-21 06:15:01,0.0493717160425
2011-08-21 07:15:01,0.07547850770480001
2011-08-21 08:15:01,0.10224905897099999
2011-08-21 09:15:01,0.368621973929
2011-08-21 10:15:01,0.110498489426
2011-08-21 11:15:01,0.0705395894428
2011-08-21 12:15:01,0.133065810594
2011-08-21 13:15:01,0.14555118110200002
2011-08-21 14:15:01,0.134533508541
2011-08-21 15:15:01,0.129317199654
2011-08-21 16:15:01,0.129757738896
2011-08-21 17:15:01,0.118901856764
2011-08-21 18:15:01,0.111258169935
2011-08-21 19:15:01,0.132865291795
2011-08-21 20:15:01,0.108308566434
2011-08-21 21:15:01,0.10913679959599999
2011-08-21 22:15:01,0.103101104503
2011-08-21 23:15:01,0.111313340228
2011-08-22 00:15:01,0.117277310924
2011-08-22 01:15:01,0.169919137466
2011-08-22 02:15:01,0.0485808684707
2011-08-22 03:15:01,0.0392672722926
2011-08-22 04:15:01,0.038778157683000004
2011-08-22 05:15:01,0.051507714915500005
2011-08-22 06:15:01,0.0807588219687
2011-08-22 07:15:01,0.108555327869
2011-08-22 08:15:01,0.112541404911
2011-08-22 09:15:01,0.108797814208
2011-08-22 10:15:01,0.118442408377
2011-08-22 11:15:01,0.131810631229
2011-08-22 12:15:01,0.12192691029899999
2011-08-22 13:15:01,0.108042986425
2011-08-22 14:15:01,0.108042986425
2011-08-22 15:15:01,0.061178555604800004
2011-08-22 16:15:01,0.107600564573
2011-08-22 17:15:01,0.10054756637199999
2011-08-22 18:15:01,0.099114315139
2011-08-22 19:15:01,0.0999348837209
2011-08-22 20:15:01,0.0993391220453
2011-08-22 21:15:01,0.0984653465347
2011-08-22 22:15:01,0.09609734114469999
2011-08-22 23:15:01,0.0967701612903
2011-08-23 00:15:01,0.10143568840600001
2011-08-23 01:15:01,0.09833606557380001
2011-08-23 02:15:01,0.09040868924889998
2011-08-23 03:15:01,0.1066718507
2011-08-23 04:15:01,0.11041397645300001
2011-08-23 05:15:01,0.104540709812
2011-08-23 06:15:01,0.111936776492
2011-08-23 07:15:01,0.111230687267
2011-08-23 08:15:01,3.12685185185
2011-08-23 09:15:01,0.0444375516956
2011-08-23 10:15:01,0.130113821138
2011-08-23 11:15:01,0.135086206897
2011-08-23 12:15:01,0.124518518519
2011-08-23 13:15:01,0.108454661558
2011-08-23 14:15:01,0.109785867238
2011-08-23 15:15:01,0.102795969773
2011-08-23 16:15:01,0.113581997534
2011-08-23 17:15:01,0.08364546820230001
2011-08-23 18:15:01,0.062012195122
2011-08-23 19:15:01,0.07012015503880001
2011-08-23 20:15:01,0.0908306709265
2011-08-23 21:15:01,0.0687416616131
2011-08-23 22:15:01,0.0572765680858
2011-08-23 23:15:01,0.0641096958669
2011-08-24 00:15:01,0.0604897852279
2011-08-24 01:15:01,0.6946081504699999
2011-08-24 02:15:01,0.056359158083300005
2011-08-24 03:15:01,0.0530636461704
2011-08-24 04:15:01,0.0529043753712
2011-08-24 05:15:01,0.0538068614994
2011-08-24 06:15:01,0.061803112313900004
2011-08-24 07:15:01,0.079618556701
2011-08-24 08:15:01,0.09015325670499999
2011-08-24 09:15:01,0.10420668058499999
2011-08-24 10:15:01,0.119424242424
2011-08-24 11:15:01,0.128281573499
2011-08-24 12:15:01,0.126095890411
2011-08-24 13:15:01,0.111086956522
2011-08-24 14:15:01,0.123632030505
2011-08-24 15:15:01,0.104103653356
2011-08-24 16:15:01,0.085487544484
2011-08-24 17:15:01,0.0773913043478
2011-08-24 18:15:01,0.0747063940844
2011-08-24 19:15:01,0.072617823479
2011-08-24 20:15:01,0.0862157221207
2011-08-24 21:15:01,0.0720454545455
2011-08-24 22:15:01,0.0667903627804
2011-08-24 23:15:01,0.0756057161416
2011-08-25 00:15:01,0.12183900731799999
2011-08-25 01:15:01,0.09395581492289999
2011-08-25 02:15:01,0.0456191165822
2011-08-25 03:15:01,0.0567509609549
2011-08-25 04:15:01,0.0551873260544
2011-08-25 05:15:01,0.0555143853531
2011-08-25 06:15:01,0.061416712783599996
2011-08-25 07:15:01,0.0743022774327
2011-08-25 08:15:01,0.115238467553
2011-08-25 09:15:01,0.0659057971014
2011-08-25 10:15:01,0.114221038615
2011-08-25 11:15:01,0.123031358885
2011-08-25 12:15:01,0.11117478509999999
2011-08-25 13:15:01,0.129227683049
2011-08-25 14:15:01,0.102974176313
2011-08-25 15:15:01,0.0849215832711
2011-08-25 16:15:01,0.08069129916569999
2011-08-25 17:15:01,0.239953917051
2011-08-25 18:15:01,0.046465240641700004
2011-08-25 19:15:01,0.0746740638003
2011-08-25 20:15:01,0.07483732570610001
2011-08-25 21:15:01,0.0746559343434
2011-08-25 22:15:01,0.06962171527580001
2011-08-25 23:15:01,0.0835615597175
2011-08-26 00:15:01,0.103537699924
2011-08-26 01:15:01,0.0750992685475
2011-08-26 02:15:01,0.0589066612675
2011-08-26 03:15:01,0.0562292870906
2011-08-26 04:15:01,0.058272515527999995
2011-08-26 05:15:01,0.0617536436295
2011-08-26 06:15:01,0.0677120434651
2011-08-26 07:15:01,0.0804172214825
2011-08-26 08:15:01,0.0838194444444
2011-08-26 09:15:01,0.0968489583333
2011-08-26 10:15:01,0.11522099447499999
2011-08-26 11:15:01,0.12427238806
2011-08-26 12:15:01,0.121054365733
2011-08-26 13:15:01,0.0972442588727
2011-08-26 14:15:01,0.102226415094
2011-08-26 15:15:01,0.0986787974684
2011-08-26 16:15:01,0.0872049324721
2011-08-26 17:15:01,0.0823471400394
2011-08-26 18:15:01,0.072578748425
2011-08-26 19:15:01,0.09139049826189999
2011-08-26 20:15:01,0.0732815964523
2011-08-26 21:15:01,0.0742917616412
2011-08-26 22:15:01,0.14626789366100001
2011-08-26 23:15:01,0.11358870967700001
2011-08-27 00:15:01,0.09696260348269999
2011-08-27 01:15:01,0.0794692810458
2011-08-27 02:15:01,0.0982658959538
2011-08-27 03:15:01,0.0732037078906
2011-08-27 04:15:01,0.0817868606891
2011-08-27 05:15:01,0.0843710068297
2011-08-27 06:15:01,0.0792101878055
2011-08-27 07:15:01,0.24684254606400002
2011-08-27 08:15:01,0.0780114523686
2011-08-27 09:15:01,0.129391979301
2011-08-27 10:15:01,0.157848722986
2011-08-27 11:15:01,0.733246753247
2011-08-27 12:15:01,0.08554679802960001
2011-08-27 13:15:01,0.178765432099
2011-08-27 14:15:01,0.170375647668
2011-08-27 15:15:01,0.132433070866
2011-08-27 16:15:01,0.165117324014
2011-08-27 17:15:01,0.126694821888
2011-08-27 18:15:01,0.102188215103
2011-08-27 19:15:01,0.06971428571430001
2011-08-27 20:15:01,0.161760596181
2011-08-27 21:15:01,0.0757875553241
2011-08-27 22:15:01,0.07547842019539999
2011-08-27 23:15:01,0.0649769953991
2011-08-28 00:15:01,0.071818838834
2011-08-28 01:15:01,0.111341765873
2011-08-28 02:15:01,0.0919489213985
2011-08-28 03:15:01,0.108258785942
2011-08-28 04:15:01,0.08461653813200001
2011-08-28 05:15:01,0.0991373873874
2011-08-28 06:15:01,0.106463474827
2011-08-28 07:15:01,0.111417534431
2011-08-28 08:15:01,0.12895558958699999
2011-08-28 09:15:01,0.148315038419
2011-08-28 10:15:01,0.148234758872
2011-08-28 11:15:01,0.119329758713
2011-08-28 12:15:01,0.144373626374
2011-08-28 13:15:01,2.11617647059
2011-08-28 14:15:01,0.11700096432
2011-08-28 15:15:01,0.129178662151
2011-08-28 16:15:01,0.11110523532500001
2011-08-28 17:15:01,0.0913338595107
2011-08-28 18:15:01,0.09449167657549999
2011-08-28 19:15:01,0.155667708799
2011-08-28 20:15:01,0.0663731778426
2011-08-28 21:15:01,0.096031510107
2011-08-28 22:15:01,0.108282797959
2011-08-28 23:15:01,0.10346164652999999
2011-08-29 00:15:01,0.0995535461995
2011-08-29 01:15:01,0.110947580645
2011-08-29 02:15:01,0.142342111396
2011-08-29 03:15:01,0.123265666372
2011-08-29 04:15:01,0.148855603448
2011-08-29 05:15:01,0.12217075386
2011-08-29 06:15:01,0.07467944481160001
2011-08-29 07:15:01,0.0626152980877
2011-08-29 08:15:01,0.0856856606137
2011-08-29 09:15:01,0.131206751055
2011-08-29 10:15:01,0.549479768786
2011-08-29 11:15:01,0.0674036697248
2011-08-29 12:15:01,0.11119205298
2011-08-29 13:15:01,0.11176115802200001
2011-08-29 14:15:01,0.117656565657
2011-08-29 15:15:01,0.107477768795
2011-08-29 16:15:01,0.09483050847459999
2011-08-29 17:15:01,0.09047052460789999
2011-08-29 18:15:01,0.08125
2011-08-29 19:15:01,0.0837716405606
2011-08-29 20:15:01,0.0837714987715
2011-08-29 21:15:01,0.080271950272
2011-08-29 22:15:01,0.0937238352465
2011-08-29 23:15:01,0.084202420242
2011-08-30 00:15:01,0.0823476747078
2011-08-30 01:15:01,0.0801486097795
2011-08-30 02:15:01,0.0795202663012
2011-08-30 03:15:01,0.07732510288069999
2011-08-30 04:15:01,0.0816540893331
2011-08-30 05:15:01,0.08406526005889998
2011-08-30 06:15:01,0.0891851851852
2011-08-30 07:15:01,0.09841490794789999
2011-08-30 08:15:01,0.28932088285199997
2011-08-30 09:15:01,0.0772614503817
2011-08-30 10:15:01,0.155388198758
2011-08-30 11:15:01,0.162078431373
2011-08-30 12:15:01,0.158376205788
2011-08-30 13:15:01,0.131704918033
2011-08-30 14:15:01,0.152018018018
2011-08-30 15:15:01,0.124649350649
2011-08-30 16:15:01,0.108664670659
2011-08-30 17:15:01,0.10610120759099999
2011-08-30 18:15:01,0.0985632183908
2011-08-30 19:15:01,0.104047904192
2011-08-30 20:15:01,0.0858653093187
2011-08-30 21:15:01,0.08705278072969999
2011-08-30 22:15:01,0.08421017845339998
2011-08-30 23:15:01,0.08732638005599999
2011-08-31 00:15:01,0.0804479166667
2011-08-31 01:15:01,0.100082722761
2011-08-31 02:15:01,0.11209470449999999
2011-08-31 03:15:01,0.0910758941553
2011-08-31 04:15:01,0.07395901767560001
2011-08-31 05:15:01,0.0798657848668
2011-08-31 06:15:01,0.0591047409041
2011-08-31 07:15:01,0.0632839665164
2011-08-31 08:15:01,0.09987179487180001
2011-08-31 09:15:01,0.100759825328
2011-08-31 10:15:01,0.108547854785
2011-08-31 11:15:01,0.0883195020747
2011-08-31 12:15:01,0.09046698872789999
2011-08-31 13:15:01,0.09261553588989999
2011-08-31 14:15:01,0.0920978441128
2011-08-31 15:15:01,0.08680141843969999
2011-08-31 16:15:01,0.0834148994018
2011-08-31 17:15:01,0.06798095238099999
2011-08-31 18:15:01,0.0579225717249
2011-08-31 19:15:01,0.0639913592556
2011-08-31 20:15:01,0.24630498533700002
2011-08-31 21:15:01,0.506081151832
2011-08-31 22:15:01,0.34731909845799996
2011-08-31 23:15:01,0.130113127001
2011-09-01 00:15:01,0.048920361247899995
2011-09-01 01:15:01,0.08886580086580001
2011-09-01 02:15:01,0.0664150943396
2011-09-01 03:15:01,0.0464266571378
2011-09-01 04:15:01,0.045080489375400004
2011-09-01 05:15:01,0.07415010281010001
2011-09-01 06:15:01,0.08496309963099999
2011-09-01 07:15:01,0.0965340179718
2011-09-01 08:15:01,0.10437673130200001
2011-09-01 09:15:01,0.10889593908600001
2011-09-01 10:15:01,0.130259481038
2011-09-01 11:15:01,0.15460251045999998
2011-09-01 12:15:01,0.113666146646
2011-09-01 13:15:01,0.09871485943779999
2011-09-01 14:15:01,0.120397790055
2011-09-01 15:15:01,0.124580801944
2011-09-01 16:15:01,0.110519379845
2011-09-01 17:15:01,0.105375323555
2011-09-01 18:15:01,0.102022696929
2011-09-01 19:15:01,0.106551503519
2011-09-01 20:15:01,0.315721393035
2011-09-01 21:15:01,0.0585714285714
2011-09-01 22:15:01,0.101165467626
2011-09-01 23:15:01,0.09989445910289999
2011-09-02 00:15:01,0.10462462462500001
2011-09-02 01:15:01,0.120476585164
2011-09-02 02:15:01,0.0496554487179
2011-09-02 03:15:01,0.0474294500724
2011-09-02 04:15:01,0.0552439485628
2011-09-02 05:15:01,0.0746305248619
2011-09-02 06:15:01,0.0938423913043
2011-09-02 07:15:01,0.108136036625
2011-09-02 08:15:01,0.12986804901
2011-09-02 09:15:01,0.12108930323799999
2011-09-02 10:15:01,0.156756756757
2011-09-02 11:15:01,0.17653608247400002
2011-09-02 12:15:01,0.12588785046700002
2011-09-02 13:15:01,0.107339667458
2011-09-02 14:15:01,0.106273364486
2011-09-02 15:15:01,0.12483201580999999
2011-09-02 16:15:01,0.116729048007
2011-09-02 17:15:01,0.106275468623
2011-09-02 18:15:01,0.10408631153100001
2011-09-02 19:15:01,0.101266079892
2011-09-02 20:15:01,0.0958452380952
2011-09-02 21:15:01,0.0952373068433
2011-09-02 22:15:01,0.09365071770330001
2011-09-02 23:15:01,0.09412655971480001
2011-09-03 00:15:01,0.0921638394704
2011-09-03 01:15:01,0.09982581967210001
2011-09-03 02:15:01,0.0677756892231
2011-09-03 03:15:01,0.0638947824204
2011-09-03 04:15:01,0.0538769167012
2011-09-03 05:15:01,0.057333189840699995
2011-09-03 06:15:01,0.0599051282051
2011-09-03 07:15:01,0.0689131281652
2011-09-03 08:15:01,0.0821659215102
2011-09-03 09:15:01,0.10025202520300001
2011-09-03 10:15:01,0.10332975295399999
2011-09-03 11:15:01,0.10976744186
2011-09-03 12:15:01,0.125934065934
2011-09-03 13:15:01,0.117438794727
2011-09-03 14:15:01,0.11449584816099999
2011-09-03 15:15:01,0.0849839021249
2011-09-03 16:15:01,0.0781634485855
2011-09-03 17:15:01,0.0820806506269
2011-09-03 18:15:01,0.0710575386255
2011-09-03 19:15:01,0.07108789625360001
2011-09-03 20:15:01,0.06890694239289999
2011-09-03 21:15:01,0.0682664274501
2011-09-03 22:15:01,0.0754843205575
2011-09-03 23:15:01,0.0766760132552
2011-09-04 00:15:01,0.0772291875627
2011-09-04 01:15:01,0.0797453526865
2011-09-04 02:15:01,0.070688629118
2011-09-04 03:15:01,0.06347817800649999
2011-09-04 04:15:01,0.06486720767239999
2011-09-04 05:15:01,0.0586457521434
2011-09-04 06:15:01,0.06252237252859999
2011-09-04 07:15:01,0.07040845575060001
2011-09-04 08:15:01,0.0831734132934
2011-09-04 09:15:01,1.35045977011
2011-09-04 10:15:01,0.0474987392839
2011-09-04 11:15:01,0.110808080808
2011-09-04 12:15:01,0.13188442211100002
2011-09-04 13:15:01,0.12316953317
2011-09-04 14:15:01,0.101094224924
2011-09-04 15:15:01,0.09303132938190001
2011-09-04 16:15:01,0.09175
2011-09-04 17:15:01,0.0925907664724
2011-09-04 18:15:01,0.0960559517279
2011-09-04 19:15:01,0.07873668565769999
2011-09-04 20:15:01,0.07424443706410001
2011-09-04 21:15:01,0.0829433962264
2011-09-04 22:15:01,0.0806679151061
2011-09-04 23:15:01,0.0785330200992
2011-09-05 00:15:01,0.0754287045666
2011-09-05 01:15:01,0.09249020120200001
2011-09-05 02:15:01,0.08870419050560001
2011-09-05 03:15:01,0.0493005228051
2011-09-05 04:15:01,0.0469763103899
2011-09-05 05:15:01,0.057872491145199996
2011-09-05 06:15:01,0.08614556416880001
2011-09-05 07:15:01,0.0999393571862
2011-09-05 08:15:01,0.0977490774908
2011-09-05 09:15:01,0.115096359743
2011-09-05 10:15:01,0.115619469027
2011-09-05 11:15:01,0.120262172285
2011-09-05 12:15:01,0.130406504065
2011-09-05 13:15:01,0.132613636364
2011-09-05 14:15:01,0.121355060034
2011-09-05 15:15:01,0.110657620042
2011-09-05 16:15:01,0.10613963038999999
2011-09-05 17:15:01,0.102213516161
2011-09-05 18:15:01,0.09502526412489999
2011-09-05 19:15:01,0.0967399267399
2011-09-05 20:15:01,0.09978405967810001
2011-09-05 21:15:01,0.0918772856562
2011-09-05 22:15:01,0.11575487013
2011-09-05 23:15:01,0.0950520833333
2011-09-06 00:15:01,0.10643448611800001
2011-09-06 01:15:01,0.11390829694299999
2011-09-06 02:15:01,0.061176080834900004
2011-09-06 03:15:01,0.0449475524476
2011-09-06 04:15:01,0.0397360406091
2011-09-06 05:15:01,0.08547451305430001
2011-09-06 06:15:01,0.103550945699
2011-09-06 07:15:01,0.10744951383700001
2011-09-06 08:15:01,0.11004149377599999
2011-09-06 09:15:01,0.121318327974
2011-09-06 10:15:01,0.124976851852
2011-09-06 11:15:01,0.126565934066
2011-09-06 12:15:01,0.11782324058900001
2011-09-06 13:15:01,0.10954773869300001
2011-09-06 14:15:01,0.11151679306600001
2011-09-06 15:15:01,0.108173652695
2011-09-06 16:15:01,0.12392
2011-09-06 17:15:01,0.106817496229
2011-09-06 18:15:01,0.09553278688519999
2011-09-06 19:15:01,0.09036363636360001
2011-09-06 20:15:01,0.040950398889999996
2011-09-06 21:15:01,0.0364413300357
2011-09-06 22:15:01,0.0238837042355
2011-09-06 23:15:01,0.0286073341574
2011-09-07 00:15:01,0.0473133595285
2011-09-07 01:15:01,0.0568148698885
2011-09-07 02:15:01,0.024925047300200003
2011-09-07 03:15:01,0.032984018863
2011-09-07 04:15:01,0.025835690045199998
2011-09-07 05:15:01,0.029217765992700002
2011-09-07 06:15:01,0.029418880455400004
2011-09-07 07:15:01,0.047503147293300005
2011-09-07 08:15:01,0.0394653179191
2011-09-07 09:15:01,0.0512408759124
2011-09-07 10:15:01,0.0542752293578
2011-09-07 11:15:01,0.0706498951782
2011-09-07 12:15:01,0.056338582677199996
2011-09-07 13:15:01,0.0507819687213
2011-09-07 14:15:01,0.05623201438849999
